Date	Ticker	Open	High	Low	Close	Volume	Market_Sentiment	Prediction_Label
2025-05-17	XOM	351.16	403.47	142.62	115.3	5351736	Bullish	1
2025-05-16	CVX	252.0	354.36	240.45	405.88	11121491	Bearish	1
2025-05-15	PEP	236.65	304.4	207.12	342.06	48991804	Bullish	0
2025-05-14	GOOGL	124.64	378.58	335.81	360.52	13267010	Neutral	1
2025-05-13	CVX	99.08	391.14	338.86	290.84	28408227	Bullish	0
2025-05-12	AMD	211.61	264.27	283.05	80.05	46225814	Bullish	0
2025-05-11	NFLX	309.38	121.75	362.06	353.04	42701964	Neutral	0
2025-05-10	BABA	304.67	294.62	354.61	394.99	47416877	Neutral	1
2025-05-09	DIS	282.36	386.78	195.82	149.05	33389214	Bearish	0
2025-05-08	PFE	286.64	123.85	221.36	374.0	40988862	Neutral	0
2025-05-07	PEP	102.83	148.89	64.7	154.02	23959889	Bullish	1
2025-05-06	META	299.85	272.36	256.56	154.16	11591784	Bearish	1
2025-05-05	BABA	298.42	348.04	324.6	104.6	8429907	Bearish	0
2025-05-04	SHOP	189.59	324.45	216.33	216.22	45582959	Bearish	0
2025-05-03	MCD	175.26	399.57	218.29	103.18	27258339	Neutral	1
2025-05-02	GOOGL	316.09	333.92	124.5	187.17	6565892	Bullish	1
2025-05-01	WFC	355.0	212.99	253.63	303.37	24838791	Neutral	1
2025-04-30	SHOP	319.95	178.72	188.91	130.18	46206309	Bearish	1
2025-04-29	PEP	215.34	193.43	106.76	165.89	10394561	Bullish	1
2025-04-28	AMZN	273.05	177.88	287.87	392.06	11544119	Neutral	0
2025-04-27	BAC	251.77	284.6	211.82	271.81	42515037	Neutral	0
2025-04-26	MCD	356.22	101.91	312.68	357.99	11711514	Bullish	0
2025-04-25	GS	143.66	343.5	70.15	122.21	4007498	Bullish	0
2025-04-24	MSFT	97.86	385.46	84.45	109.33	21006172	Neutral	0
2025-04-23	TSLA	179.39	144.53	385.86	131.82	25506270	Bullish	0
2025-04-22	BABA	319.1	259.94	271.2	163.99	7371556	Bearish	0
2025-04-21	MRNA	313.62	218.35	162.3	87.07	38120758	Bearish	0
2025-04-20	BAC	134.58	346.06	63.2	289.3	12670347	Bullish	1
2025-04-19	GOOGL	341.76	403.91	204.48	346.42	49795639	Bullish	0
2025-04-18	SHOP	113.06	127.2	348.56	228.87	5866604	Bearish	0
2025-04-17	JPM	144.63	119.96	127.49	259.83	33605362	Neutral	0
2025-04-16	GS	90.8	403.55	371.08	271.13	17857647	Neutral	0
2025-04-15	KO	237.78	223.51	338.63	102.7	8333899	Neutral	1
2025-04-14	META	247.79	365.03	382.99	221.77	18947932	Bearish	1
2025-04-13	CVX	175.05	138.15	243.19	306.91	19498569	Bullish	0
2025-04-12	GOOGL	285.17	143.93	240.81	202.42	1636110	Bearish	1
2025-04-11	DIS	293.45	159.43	190.41	315.82	18537580	Bearish	0
2025-04-10	WFC	84.48	369.23	277.07	352.08	3624607	Bullish	1
2025-04-09	TSLA	268.22	405.84	122.27	363.37	5498089	Neutral	0
2025-04-08	INTC	320.71	221.43	377.0	316.33	39211712	Neutral	0
2025-04-07	NVDA	322.23	374.45	203.08	366.73	32485347	Bearish	0
2025-04-06	AMZN	245.77	206.96	288.15	127.1	17383950	Neutral	1
2025-04-05	BAC	122.84	146.84	255.83	259.79	3682733	Bullish	1
2025-04-04	KO	207.12	401.94	151.43	145.65	38592916	Bearish	1
2025-04-03	WFC	370.1	418.02	358.82	141.67	28516742	Bearish	1
2025-04-02	JPM	197.51	218.84	369.0	317.87	15998523	Bearish	1
2025-04-01	WFC	378.53	403.78	355.44	316.7	42890051	Neutral	0
2025-03-31	WFC	119.43	178.79	84.6	355.55	45506688	Neutral	1
2025-03-30	WMT	119.21	272.87	259.9	248.32	28063980	Bullish	1
2025-03-29	SHOP	222.1	298.36	171.7	289.19	34054922	Bullish	1
2025-03-28	XOM	327.37	384.29	108.9	393.45	24543363	Neutral	1
2025-03-27	JPM	244.23	358.52	209.58	245.32	15199769	Neutral	1
2025-03-26	AMD	109.63	191.46	371.45	274.66	19912348	Bearish	0
2025-03-25	UBER	104.76	321.61	192.45	363.37	45318169	Bullish	0
2025-03-24	BAC	222.8	113.91	291.36	223.7	2913683	Bearish	1
2025-03-23	CVX	130.22	373.94	270.35	263.2	40561592	Bearish	1
2025-03-22	DIS	162.23	350.9	333.53	142.06	25645624	Bearish	0
2025-03-21	GS	381.76	333.63	277.39	266.32	3672206	Bearish	0
2025-03-20	DIS	190.75	106.74	383.64	342.39	8666147	Bearish	1
2025-03-19	UBER	105.33	108.18	286.77	125.42	8703040	Bearish	1
2025-03-18	BAC	307.13	247.09	301.66	89.52	13923455	Bullish	1
2025-03-17	META	265.2	191.07	260.29	407.34	21763963	Neutral	1
2025-03-16	UBER	193.17	409.55	343.68	406.39	4238387	Bearish	1
2025-03-15	JNJ	372.97	112.0	224.02	91.84	16498817	Bearish	0
2025-03-14	TSLA	185.08	112.77	92.47	91.25	15920425	Bearish	1
2025-03-13	WFC	187.86	169.55	338.2	293.19	13513607	Bullish	0
2025-03-12	AMZN	355.89	156.37	300.15	274.62	28614459	Bearish	0
2025-03-11	TSLA	238.5	290.99	268.34	374.6	29744814	Bearish	0
2025-03-10	KO	191.72	314.33	357.66	255.47	12547235	Neutral	0
2025-03-09	PEP	297.59	124.8	247.85	95.29	35862002	Bullish	0
2025-03-08	NFLX	322.28	382.8	380.62	379.13	8957456	Neutral	0
2025-03-07	WMT	121.04	196.9	361.66	403.32	34487202	Bullish	1
2025-03-06	BABA	230.37	314.0	202.13	138.47	5453163	Neutral	0
2025-03-05	NFLX	217.1	344.66	177.12	86.97	11288967	Bearish	0
2025-03-04	BAC	210.8	110.31	162.33	206.99	4228475	Bearish	0
2025-03-03	GS	342.69	156.05	307.62	217.28	29827218	Neutral	1
2025-03-02	NVDA	88.67	419.09	341.99	291.87	22710109	Neutral	1
2025-03-01	PFE	375.52	209.69	198.46	321.8	38107721	Neutral	0
2025-02-28	MSFT	180.3	333.04	336.9	99.21	35788066	Neutral	0
2025-02-27	DIS	190.1	202.53	229.89	137.96	5616769	Neutral	0
2025-02-26	BABA	220.92	133.07	168.59	96.91	38119138	Neutral	1
2025-02-25	JNJ	290.59	335.56	141.64	401.42	29674709	Bullish	0
2025-02-24	NVDA	257.79	212.48	369.83	88.2	35575458	Bearish	1
2025-02-23	PFE	326.49	209.74	345.63	165.75	9819917	Bearish	1
2025-02-22	XOM	194.88	264.83	318.72	364.79	32965444	Bullish	1
2025-02-21	XOM	336.16	166.17	193.71	143.72	24904740	Bearish	1
2025-02-20	MSFT	364.28	143.26	330.7	392.03	32895677	Neutral	0
2025-02-19	MCD	162.12	337.95	191.46	364.92	22807035	Neutral	1
2025-02-18	DIS	357.6	271.26	332.2	220.79	23043174	Bearish	0
2025-02-17	XOM	136.27	408.32	61.54	131.54	38955067	Bearish	0
2025-02-16	AAPL	117.53	225.97	89.9	350.09	40379532	Bearish	1
2025-02-15	JNJ	145.25	352.03	245.31	226.4	14136841	Neutral	0
2025-02-14	AAPL	193.0	213.15	346.41	359.5	18617626	Bullish	0
2025-02-13	NVDA	301.96	303.91	180.91	221.36	35197081	Bullish	1
2025-02-12	BABA	162.82	319.2	327.01	106.83	27451845	Neutral	1
2025-02-11	PEP	326.04	181.14	296.14	383.19	5691105	Bullish	0
2025-02-10	META	222.67	252.84	347.02	157.56	47792839	Neutral	1
2025-02-09	MCD	148.82	283.11	241.67	313.58	38362216	Bullish	0
2025-02-08	WFC	155.48	245.86	260.18	370.31	25337456	Neutral	1
2025-02-07	NVDA	122.43	170.58	106.83	274.51	18218193	Bullish	0
2025-02-06	AAPL	229.66	417.31	97.44	303.41	29771677	Bullish	1
2025-02-05	GOOGL	228.29	154.4	331.91	338.72	19905531	Bullish	0
2025-02-04	INTC	317.27	323.24	212.75	187.9	35683021	Bullish	1
2025-02-03	DIS	86.32	244.64	214.23	104.45	31137065	Neutral	1
2025-02-02	UBER	289.3	386.8	254.03	115.5	23970984	Neutral	0
2025-02-01	MRNA	214.72	328.34	129.58	287.91	37754732	Bearish	0
2025-01-31	JNJ	292.53	242.9	268.03	358.74	29782576	Bullish	1
2025-01-30	AAPL	134.1	296.86	206.47	113.23	47524998	Bullish	0
2025-01-29	MCD	299.93	139.45	140.08	292.22	13513078	Neutral	0
2025-01-28	WMT	300.79	351.53	205.8	198.87	27102444	Bearish	1
2025-01-27	NVDA	348.67	288.25	119.14	184.94	16331529	Bullish	1
2025-01-26	SHOP	155.84	344.45	296.07	153.25	39350800	Bullish	0
2025-01-25	META	94.61	287.65	209.07	354.67	42261575	Bullish	0
2025-01-24	DIS	364.93	253.05	181.44	252.66	9679319	Neutral	0
2025-01-23	TSLA	201.83	275.08	305.85	90.86	39497185	Bearish	1
2025-01-22	NVDA	138.02	281.51	350.95	310.2	48392868	Neutral	0
2025-01-21	DIS	206.48	125.21	293.27	89.71	7151726	Bullish	1
2025-01-20	INTC	175.78	239.83	360.67	274.67	37061248	Bearish	0
2025-01-19	BABA	340.94	353.46	277.97	300.37	23413235	Neutral	1
2025-01-18	MSFT	164.76	295.52	182.04	362.73	24145201	Bearish	0
2025-01-17	TSLA	201.92	312.79	103.65	337.07	38833485	Bearish	1
2025-01-16	TSLA	316.47	340.14	135.76	203.43	22700068	Bullish	1
2025-01-15	META	138.22	155.06	185.8	149.31	13643401	Bullish	1
2025-01-14	AMZN	98.08	201.33	255.11	82.15	17330170	Bearish	0
2025-01-13	TSLA	271.08	199.78	252.21	211.4	31712738	Neutral	0
2025-01-12	GOOGL	191.17	131.03	271.8	159.66	46831073	Neutral	0
2025-01-11	NVDA	103.5	169.89	116.22	361.55	19339639	Neutral	0
2025-01-10	DIS	170.76	160.89	250.82	291.75	47958105	Bearish	1
2025-01-09	PFE	220.93	329.19	372.9	127.77	20377594	Bullish	0
2025-01-08	META	306.44	413.94	172.68	182.13	35494346	Neutral	1
2025-01-07	NFLX	190.19	126.17	111.41	92.33	26572536	Bullish	1
2025-01-06	DIS	362.52	174.08	95.79	291.7	5565980	Bullish	0
2025-01-05	WMT	315.78	392.23	198.11	161.38	43290117	Neutral	1
2025-01-04	GOOGL	260.6	324.07	365.76	136.38	10770668	Neutral	0
2025-01-03	JPM	131.75	385.77	233.06	308.69	36691876	Neutral	1
2025-01-02	GS	279.29	138.4	84.15	256.95	27241782	Neutral	0
2025-01-01	GOOGL	159.39	168.3	289.02	171.05	19739753	Bearish	1
2024-12-31	MSFT	149.66	211.97	300.76	348.86	48008734	Neutral	0
2024-12-30	INTC	174.88	364.84	90.39	247.43	13449355	Bearish	1
2024-12-29	MSFT	118.22	262.51	211.69	136.89	42562409	Bearish	0
2024-12-28	NFLX	201.6	253.6	218.17	196.46	5779715	Bearish	1
2024-12-27	MRNA	291.6	209.81	224.25	368.29	10271998	Neutral	0
2024-12-26	UBER	321.18	331.14	271.82	267.74	13783394	Bullish	1
2024-12-25	MRNA	337.17	195.03	307.05	223.87	40564647	Bullish	1
2024-12-24	JNJ	398.64	382.3	97.88	365.41	44608136	Bearish	0
2024-12-23	META	127.97	278.96	382.97	167.58	36407243	Bearish	1
2024-12-22	GOOGL	151.13	369.44	247.19	198.09	9227112	Bullish	0
2024-12-21	TSLA	351.58	172.39	282.74	118.9	18574105	Bearish	1
2024-12-20	MCD	84.66	355.89	363.42	280.1	31863094	Neutral	0
2024-12-19	INTC	392.48	219.05	86.11	276.0	28365548	Neutral	0
2024-12-18	DIS	399.06	223.46	105.77	97.03	49709125	Bearish	0
2024-12-17	NVDA	319.14	325.89	296.19	316.37	19497751	Bearish	1
2024-12-16	MCD	210.68	324.23	175.29	146.92	43632080	Bearish	1
2024-12-15	GOOGL	257.11	259.12	285.39	251.14	13409207	Bullish	0
2024-12-14	GOOGL	315.46	419.34	257.38	365.48	24246613	Bullish	1
2024-12-13	JPM	118.42	358.31	169.31	343.9	35529951	Bearish	1
2024-12-12	MSFT	291.92	346.41	381.73	287.26	36658343	Neutral	0
2024-12-11	KO	108.22	127.6	212.79	151.01	36981070	Bullish	1
2024-12-10	MCD	153.96	346.63	323.83	140.99	18280441	Bearish	0
2024-12-09	XOM	261.12	393.66	60.66	221.38	11775819	Neutral	1
2024-12-08	SHOP	313.01	241.61	269.46	131.15	12910453	Bearish	1
2024-12-07	JNJ	187.27	195.69	279.01	188.68	11677820	Neutral	1
2024-12-06	AMZN	367.27	139.28	275.78	227.39	21861758	Neutral	0
2024-12-05	AMD	232.59	249.09	139.96	212.85	11551080	Bullish	0
2024-12-04	AMD	335.72	209.37	226.34	175.05	42486229	Bearish	1
2024-12-03	JNJ	310.25	175.16	181.12	190.93	39584376	Neutral	1
2024-12-02	AMD	114.11	164.44	115.65	272.24	49985827	Bullish	1
2024-12-01	UBER	258.27	171.53	76.84	238.12	28415321	Bearish	1
2024-11-30	AMD	254.95	293.04	288.82	382.94	3987723	Bearish	1
2024-11-29	MRNA	208.93	186.11	225.9	156.04	38648441	Neutral	0
2024-11-28	TSLA	154.96	256.98	387.82	286.02	8303512	Neutral	0
2024-11-27	MRNA	95.61	303.57	89.04	313.86	18873384	Bearish	0
2024-11-26	BABA	312.99	309.71	123.62	229.57	44951228	Neutral	0
2024-11-25	META	379.97	408.97	328.21	114.15	5174624	Bullish	0
2024-11-24	AMZN	370.79	131.83	99.4	345.61	23741745	Bullish	0
2024-11-23	SHOP	224.29	263.38	339.24	87.75	13550914	Bearish	0
2024-11-22	GOOGL	174.15	250.47	98.38	186.24	35128284	Bearish	0
2024-11-21	NVDA	371.51	275.22	162.82	383.79	28808550	Bearish	0
2024-11-20	MRNA	250.97	382.96	163.92	321.82	20603733	Bullish	1
2024-11-19	BABA	148.17	257.85	131.49	375.99	48081319	Bullish	0
2024-11-18	CVX	94.06	245.85	349.47	337.64	22464942	Bullish	1
2024-11-17	MRNA	81.92	280.17	358.92	345.18	2197431	Neutral	1
2024-11-16	AAPL	317.51	132.5	108.93	252.94	15171931	Bullish	1
2024-11-15	NFLX	346.08	224.11	324.4	230.57	31539706	Neutral	1
2024-11-14	MSFT	383.58	203.72	284.12	162.26	30410302	Neutral	1
2024-11-13	MCD	230.12	339.67	236.14	373.08	45308247	Neutral	0
2024-11-12	MSFT	95.71	341.35	316.58	346.86	25617317	Bullish	1
2024-11-11	WMT	377.48	394.89	282.78	294.08	23664398	Neutral	1
2024-11-10	XOM	99.96	268.65	146.55	224.41	6834362	Neutral	1
2024-11-09	KO	238.07	299.84	197.33	101.36	37394642	Neutral	1
2024-11-08	NFLX	162.14	380.97	238.55	121.46	16894053	Neutral	0
2024-11-07	WMT	372.97	172.15	314.32	309.33	23680000	Bullish	1
2024-11-06	PEP	214.39	367.14	185.78	97.55	13753371	Bullish	1
2024-11-05	AMZN	191.52	366.34	179.78	169.42	20519348	Neutral	1
2024-11-04	PEP	218.99	286.94	318.24	96.9	6061994	Neutral	1
2024-11-03	KO	297.91	175.97	240.52	122.7	2234591	Bullish	0
2024-11-02	BAC	290.06	261.58	306.61	396.98	33801740	Neutral	0
2024-11-01	TSLA	199.0	214.46	167.62	381.65	6030226	Bullish	0
2024-10-31	CVX	305.64	331.77	164.66	212.74	28889617	Neutral	1
2024-10-30	BAC	243.79	116.16	188.55	363.79	42504108	Bearish	0
2024-10-29	NVDA	341.64	106.62	110.45	239.0	32581372	Bearish	0
2024-10-28	DIS	108.81	131.85	110.26	409.91	2730597	Bullish	0
2024-10-27	PFE	283.48	311.49	140.85	324.02	20758917	Neutral	0
2024-10-26	INTC	298.72	352.51	81.05	264.43	37976841	Neutral	0
2024-10-25	MSFT	278.93	419.05	290.87	215.33	11946799	Bearish	0
2024-10-24	GS	88.31	318.55	356.44	238.0	12150599	Bearish	0
2024-10-23	PEP	343.27	196.89	188.09	281.78	19712731	Neutral	1
2024-10-22	NFLX	362.6	251.3	340.32	286.78	4454738	Bearish	0
2024-10-21	GOOGL	135.5	153.46	370.92	355.93	24268970	Neutral	1
2024-10-20	AMD	187.55	332.35	347.13	241.98	22693307	Bearish	0
2024-10-19	AAPL	316.86	405.07	134.03	265.47	47781464	Neutral	1
2024-10-18	XOM	359.88	250.75	251.18	262.02	17516439	Bullish	0
2024-10-17	WMT	387.38	179.03	250.13	161.68	14625632	Bearish	0
2024-10-16	INTC	349.71	344.67	136.83	196.98	27124871	Bearish	1
2024-10-15	WFC	145.42	406.25	137.48	313.91	22226667	Bullish	1
2024-10-14	KO	317.18	410.46	109.88	177.84	27988592	Bullish	1
2024-10-13	NFLX	87.09	159.87	265.37	311.95	25129218	Neutral	1
2024-10-12	CVX	100.39	200.46	196.7	85.56	41210395	Bearish	0
2024-10-11	UBER	357.89	148.66	193.84	171.79	13256151	Neutral	1
2024-10-10	MCD	192.91	327.87	145.55	215.03	19262710	Bullish	1
2024-10-09	PFE	247.6	134.11	113.52	245.56	1707129	Bearish	1
2024-10-08	JNJ	106.21	280.18	239.24	305.95	11892364	Neutral	1
2024-10-07	BABA	263.73	122.22	349.17	216.31	14901409	Bearish	1
2024-10-06	JNJ	179.74	173.53	228.02	399.18	8043549	Bullish	1
2024-10-05	BAC	311.23	404.4	367.21	96.9	16625754	Neutral	0
2024-10-04	DIS	313.4	309.3	191.01	160.95	43445884	Neutral	1
2024-10-03	TSLA	350.08	183.44	278.75	213.48	22657823	Neutral	0
2024-10-02	PFE	337.76	201.56	216.08	181.36	7097248	Bullish	1
2024-10-01	NFLX	360.99	118.34	291.03	115.76	47927135	Bullish	1
2024-09-30	META	343.05	242.01	124.54	197.13	1069030	Bearish	1
2024-09-29	INTC	84.98	353.16	174.15	143.91	20192350	Bearish	1
2024-09-28	META	249.94	381.16	164.75	221.93	36733390	Bearish	0
2024-09-27	PEP	326.13	114.44	270.26	158.22	17196320	Bullish	1
2024-09-26	GS	220.55	383.65	388.04	284.69	41159675	Neutral	0
2024-09-25	JPM	387.31	400.59	116.87	140.58	11599517	Bullish	0
2024-09-24	JNJ	221.44	214.04	83.54	194.85	43277987	Bearish	0
2024-09-23	KO	396.53	108.19	332.35	208.52	48439995	Bearish	0
2024-09-22	AMD	292.98	259.15	362.59	289.37	13672395	Neutral	0
2024-09-21	MCD	389.17	324.54	221.77	126.76	22205217	Bearish	1
2024-09-20	GS	258.14	107.11	332.3	375.2	49219976	Bearish	0
2024-09-19	NVDA	233.18	372.95	155.37	265.99	38178361	Neutral	1
2024-09-18	AAPL	389.39	233.01	334.18	326.46	30798365	Bullish	0
2024-09-17	GS	159.87	151.42	337.68	358.34	40796121	Bearish	1
2024-09-16	BAC	306.62	213.36	230.52	151.46	39650594	Bearish	1
2024-09-15	CVX	196.78	287.14	315.43	107.83	5530800	Neutral	1
2024-09-14	DIS	122.13	237.57	367.99	276.76	16160298	Bearish	0
2024-09-13	INTC	196.79	228.57	335.45	222.97	39012965	Neutral	0
2024-09-12	DIS	268.65	305.81	130.81	332.54	2993254	Neutral	1
2024-09-11	MSFT	200.54	223.91	349.59	108.5	3387335	Bullish	0
2024-09-10	CVX	352.77	259.64	97.56	165.27	48302930	Neutral	0
2024-09-09	AAPL	165.95	356.76	164.26	246.92	36466456	Bullish	1
2024-09-08	WFC	258.98	237.05	203.38	174.96	4684932	Bullish	1
2024-09-07	NFLX	378.11	153.04	345.99	85.7	21277373	Bullish	0
2024-09-06	GOOGL	336.0	381.52	186.4	243.04	5729096	Neutral	1
2024-09-05	XOM	385.0	381.26	202.23	166.79	35750877	Bullish	1
2024-09-04	META	363.71	156.63	379.28	211.19	48835729	Bearish	0
2024-09-03	PEP	399.07	119.36	325.44	171.06	38921669	Neutral	1
2024-09-02	NFLX	301.4	253.32	332.34	103.67	45758998	Bearish	0
2024-09-01	MCD	196.15	114.44	126.36	170.93	39250752	Bearish	0
2024-08-31	WMT	220.16	277.04	153.88	187.21	19420595	Bearish	1
2024-08-30	JNJ	342.47	284.92	179.74	224.12	7512616	Bullish	1
2024-08-29	NVDA	215.2	387.58	90.17	220.3	49223600	Bearish	1
2024-08-28	NFLX	163.59	223.98	269.95	159.94	33764664	Bullish	0
2024-08-27	JNJ	395.41	233.42	378.37	226.04	9901628	Neutral	1
2024-08-26	MRNA	104.76	183.26	347.51	295.46	1255921	Neutral	1
2024-08-25	DIS	85.56	257.17	241.5	247.89	34782819	Bullish	1
2024-08-24	META	162.5	107.51	340.68	183.06	23144561	Bullish	1
2024-08-23	UBER	219.63	356.25	206.73	205.16	21424905	Bullish	1
2024-08-22	WFC	393.57	134.94	289.12	143.8	38655980	Bullish	1
2024-08-21	KO	315.58	321.42	316.25	406.72	24314923	Bullish	1
2024-08-20	PFE	174.94	356.21	103.76	259.24	15103795	Neutral	1
2024-08-19	TSLA	276.43	412.24	222.81	254.64	49068194	Neutral	0
2024-08-18	PFE	229.8	138.45	270.19	314.44	46825423	Neutral	1
2024-08-17	AMD	186.25	410.82	115.71	181.98	46432629	Bearish	0
2024-08-16	AMD	217.89	396.39	140.81	110.57	1072223	Bearish	0
2024-08-15	PEP	264.47	117.89	157.39	111.62	28810746	Bullish	1
2024-08-14	AAPL	91.92	191.39	266.7	210.66	4824091	Bullish	0
2024-08-13	NVDA	289.94	144.52	62.56	309.35	46179544	Bearish	1
2024-08-12	PFE	388.47	172.12	229.37	303.88	1378181	Bearish	0
2024-08-11	WMT	299.21	259.22	146.48	373.51	40535782	Bearish	1
2024-08-10	SHOP	317.59	269.41	278.59	261.82	45907493	Neutral	1
2024-08-09	INTC	235.28	389.38	329.73	81.97	36441169	Bearish	1
2024-08-08	MSFT	267.5	320.3	207.2	80.81	31802170	Bearish	0
2024-08-07	WMT	256.57	300.24	381.75	294.59	15502409	Bearish	1
2024-08-06	META	261.86	285.26	124.4	312.48	19679149	Bearish	1
2024-08-05	NFLX	307.44	142.77	294.62	329.17	20082463	Neutral	1
2024-08-04	WMT	247.9	342.44	295.6	89.67	44149865	Neutral	0
2024-08-03	MRNA	100.42	345.68	120.87	398.61	8226587	Neutral	0
2024-08-02	AMD	139.36	223.21	153.87	309.35	30703515	Bearish	1
2024-08-01	BABA	272.65	216.82	114.63	183.43	7966856	Bearish	1
2024-07-31	KO	331.88	167.19	212.41	306.28	6125132	Bearish	1
2024-07-30	AMD	97.07	109.76	87.61	119.81	21192006	Bullish	0
2024-07-29	BABA	95.33	310.83	159.31	137.15	17938283	Bearish	0
2024-07-28	JNJ	109.64	128.56	112.48	186.1	22899365	Neutral	1
2024-07-27	BABA	124.22	343.43	276.41	106.83	45533950	Neutral	0
2024-07-26	META	208.33	385.27	218.9	129.74	39406253	Bullish	0
2024-07-25	AMZN	381.38	339.68	385.58	176.94	32041677	Neutral	1
2024-07-24	SHOP	134.24	413.28	219.16	350.47	40068607	Bearish	1
2024-07-23	BAC	249.9	327.88	205.16	92.37	14459869	Neutral	1
2024-07-22	AMZN	394.62	139.79	113.42	149.52	28741201	Bearish	0
2024-07-21	GS	90.25	342.55	64.74	341.49	29113629	Bearish	0
2024-07-20	TSLA	90.13	309.88	109.48	265.44	46635697	Bullish	1
2024-07-19	GOOGL	241.23	222.48	106.48	399.34	39197599	Bearish	1
2024-07-18	JPM	124.99	277.53	102.56	319.59	20612027	Bearish	0
2024-07-17	AAPL	375.52	406.32	192.92	88.47	1987428	Neutral	1
2024-07-16	PEP	134.79	173.71	383.34	320.23	37664893	Bearish	1
2024-07-15	META	186.87	399.15	121.98	103.89	14631077	Neutral	1
2024-07-14	BAC	143.28	261.2	362.17	337.79	15378975	Bullish	1
2024-07-13	MSFT	169.62	150.67	102.52	118.35	41163292	Neutral	0
2024-07-12	KO	158.3	384.7	246.22	285.82	20385095	Bullish	0
2024-07-11	UBER	260.27	294.08	97.92	266.1	35957998	Bullish	0
2024-07-10	MCD	206.18	408.27	274.5	233.18	5096475	Neutral	0
2024-07-09	WFC	357.6	322.01	210.33	301.61	6744251	Bearish	0
2024-07-08	PEP	273.53	386.5	284.55	303.92	21047976	Neutral	0
2024-07-07	TSLA	328.29	193.6	67.43	325.47	23441432	Bearish	0
2024-07-06	META	204.94	363.04	142.56	82.18	2462732	Bullish	0
2024-07-05	GS	162.94	413.55	199.28	397.88	7325357	Bearish	1
2024-07-04	NVDA	329.45	270.36	254.59	247.15	27105082	Neutral	0
2024-07-03	XOM	149.14	271.65	187.84	134.37	13624823	Bullish	1
2024-07-02	JPM	175.08	290.93	129.2	155.58	30865855	Bullish	0
2024-07-01	NFLX	209.5	288.14	270.28	205.78	4387862	Bullish	0
2024-06-30	UBER	159.27	166.38	374.12	263.91	40246330	Bullish	0
2024-06-29	META	282.78	388.03	186.53	366.68	28377283	Bearish	1
2024-06-28	INTC	106.39	272.82	123.6	359.33	37301292	Bullish	1
2024-06-27	WFC	234.93	384.61	68.16	157.45	46023102	Bearish	1
2024-06-26	WFC	181.95	209.61	91.25	328.0	38296768	Bearish	0
2024-06-25	JPM	172.33	128.42	93.26	252.91	3214936	Neutral	1
2024-06-24	TSLA	388.08	399.64	134.56	129.19	27885180	Bullish	0
2024-06-23	GOOGL	390.69	410.33	123.44	327.35	40018638	Neutral	1
2024-06-22	JPM	89.73	335.02	130.02	224.9	8816014	Bullish	1
2024-06-21	XOM	226.09	125.95	197.82	132.87	23049667	Bullish	1
2024-06-20	META	137.57	166.26	108.45	314.81	24053796	Neutral	0
2024-06-19	MCD	246.31	126.16	299.71	284.57	18096509	Bearish	1
2024-06-18	AMD	90.85	197.92	240.83	83.49	36654652	Bullish	0
2024-06-17	DIS	150.1	359.66	251.31	167.0	30633363	Neutral	0
2024-06-16	XOM	84.97	170.71	123.41	286.46	2035079	Bullish	0
2024-06-15	AMD	370.22	339.36	193.06	309.76	33170005	Bullish	1
2024-06-14	BAC	118.58	228.35	299.13	84.32	32670173	Bearish	1
2024-06-13	WMT	242.18	189.78	239.72	397.53	33749747	Neutral	0
2024-06-12	XOM	246.15	269.3	380.06	182.51	4365583	Bearish	0
2024-06-11	NVDA	228.14	157.45	206.22	348.98	19665624	Neutral	1
2024-06-10	MRNA	380.34	396.08	212.58	395.66	22080854	Bearish	0
2024-06-09	UBER	152.97	216.73	293.65	108.19	14370853	Bearish	1
2024-06-08	MCD	305.82	419.46	133.71	355.99	46757202	Bearish	1
2024-06-07	JPM	326.18	246.57	234.69	178.57	28579538	Bullish	0
2024-06-06	CVX	300.83	102.75	103.53	374.67	8836556	Bearish	0
2024-06-05	WFC	137.03	379.73	332.2	347.72	25223829	Neutral	1
2024-06-04	MRNA	158.06	255.65	94.13	158.83	41122146	Bullish	0
2024-06-03	CVX	297.36	225.8	137.75	198.71	30131364	Bullish	1
2024-06-02	NFLX	309.61	268.87	304.33	351.3	25191042	Bearish	1
2024-06-01	DIS	283.9	245.0	63.8	165.7	18444607	Bearish	1
2024-05-31	WFC	327.98	338.14	116.62	378.02	3503161	Neutral	1
2024-05-30	AMZN	269.29	245.68	108.81	281.5	21861183	Neutral	1
2024-05-29	META	218.58	325.79	273.2	252.52	10652519	Neutral	1
2024-05-28	GOOGL	379.76	251.6	169.17	162.74	5391374	Neutral	1
2024-05-27	GS	323.37	165.62	254.12	86.37	10728400	Bullish	1
2024-05-26	BAC	85.3	250.87	179.9	220.19	4479879	Bullish	1
2024-05-25	CVX	209.11	281.36	335.52	339.46	47926768	Neutral	1
2024-05-24	PEP	176.38	302.99	344.74	248.69	29021106	Neutral	1
2024-05-23	WMT	348.16	326.48	210.46	121.87	48310621	Bullish	0
2024-05-22	DIS	180.43	227.76	79.69	222.66	31295142	Bearish	0
2024-05-21	GOOGL	215.75	362.22	277.77	312.46	21203127	Neutral	1
2024-05-20	INTC	140.27	143.0	131.8	275.24	1745154	Neutral	0
2024-05-19	INTC	336.57	179.43	128.53	205.08	26319249	Neutral	1
2024-05-18	AMZN	393.75	129.3	301.64	320.15	38370911	Bearish	0
2024-05-17	WMT	330.17	399.39	245.42	155.02	11285748	Bullish	0
2024-05-16	INTC	213.51	387.29	278.8	176.71	36062162	Neutral	0
2024-05-15	GOOGL	173.9	108.06	274.53	285.43	47337531	Bearish	0
2024-05-14	JNJ	350.06	234.14	140.65	386.56	24154060	Bearish	0
2024-05-13	SHOP	87.2	323.86	120.37	241.08	44558597	Bearish	1
2024-05-12	NVDA	216.48	106.97	102.08	361.39	11193638	Bearish	1
2024-05-11	KO	114.31	287.36	304.85	233.78	45048477	Neutral	0
2024-05-10	META	180.78	260.29	281.88	168.06	43358836	Bearish	0
2024-05-09	BABA	106.88	173.73	211.44	328.02	34734048	Neutral	0
2024-05-08	MRNA	215.35	306.56	87.29	199.18	19754132	Bullish	1
2024-05-07	BAC	335.3	418.91	203.39	297.0	39450193	Bearish	0
2024-05-06	JPM	93.49	315.25	248.02	89.41	23450123	Neutral	1
2024-05-05	NVDA	174.7	400.45	113.53	189.08	41322849	Bearish	1
2024-05-04	KO	190.26	395.0	66.82	122.41	42908345	Neutral	0
2024-05-03	PEP	169.87	367.43	94.99	219.81	22049500	Bearish	0
2024-05-02	BAC	300.25	397.96	113.55	381.57	46886580	Neutral	0
2024-05-01	BABA	150.23	195.29	306.84	99.09	39025809	Bullish	0
2024-04-30	WFC	397.71	265.21	278.75	354.15	29332315	Bearish	1
2024-04-29	TSLA	253.11	304.86	233.24	265.39	38133589	Bullish	0
2024-04-28	AMZN	109.13	406.91	151.94	285.61	36486993	Bullish	0
2024-04-27	BABA	255.36	202.85	214.83	110.27	16861194	Bullish	0
2024-04-26	MSFT	349.32	184.38	139.5	327.26	27880591	Bearish	1
2024-04-25	JNJ	229.38	317.66	123.44	288.9	31451083	Neutral	0
2024-04-24	META	398.62	343.24	320.23	103.24	31478813	Neutral	1
2024-04-23	MCD	335.0	233.75	324.54	213.82	38577568	Bearish	1
2024-04-22	DIS	277.2	312.68	147.48	203.62	16636975	Neutral	1
2024-04-21	INTC	152.98	178.54	332.05	207.55	24002973	Neutral	1
2024-04-20	GOOGL	292.23	367.55	175.72	88.13	39176313	Bullish	1
2024-04-19	WFC	209.68	370.56	174.62	118.84	36438111	Bullish	0
2024-04-18	INTC	175.85	396.81	308.29	120.25	21613063	Bullish	1
2024-04-17	NVDA	243.44	270.13	275.17	137.02	40241711	Bullish	1
2024-04-16	SHOP	157.46	130.13	115.57	113.09	16337316	Neutral	0
2024-04-15	MCD	319.16	293.79	275.18	118.85	32605591	Neutral	0
2024-04-14	BAC	219.74	182.8	369.32	161.78	20306953	Neutral	1
2024-04-13	WFC	204.18	115.44	300.95	249.31	16030017	Neutral	1
2024-04-12	AMZN	364.19	246.53	281.86	89.35	21474428	Neutral	0
2024-04-11	MSFT	290.78	103.86	299.34	100.76	40510861	Bearish	1
2024-04-10	GOOGL	123.29	242.36	238.72	364.23	16182157	Bearish	0
2024-04-09	CVX	260.91	241.92	320.56	125.86	44466114	Bullish	1
2024-04-08	XOM	139.68	164.07	318.24	354.09	30694590	Bearish	0
2024-04-07	AAPL	225.81	334.26	105.81	263.12	40610532	Bullish	1
2024-04-06	MCD	319.79	249.06	203.06	331.57	43844740	Neutral	0
2024-04-05	SHOP	324.71	406.28	209.27	342.1	32049678	Bullish	0
2024-04-04	TSLA	318.6	233.63	180.27	246.08	1141006	Bearish	1
2024-04-03	MRNA	284.74	313.62	133.0	244.55	4787491	Neutral	1
2024-04-02	NVDA	304.6	409.08	89.99	283.85	2799554	Neutral	0
2024-04-01	SHOP	238.47	169.88	205.26	297.26	12332878	Bullish	0
2024-03-31	CVX	197.64	226.92	285.46	305.09	49676420	Bullish	0
2024-03-30	PFE	195.61	126.83	92.78	111.06	11041925	Bearish	1
2024-03-29	BABA	277.77	295.2	293.97	363.98	9843531	Bearish	0
2024-03-28	BABA	393.44	274.8	273.97	248.4	27751338	Bearish	0
2024-03-27	JPM	121.69	203.91	267.16	222.59	2970956	Bullish	0
2024-03-26	PFE	310.08	151.01	316.19	299.01	15179912	Bearish	0
2024-03-25	AMZN	92.3	297.2	114.81	280.96	49532098	Bearish	0
2024-03-24	WMT	94.17	346.27	368.65	115.35	2463886	Neutral	0
2024-03-23	JPM	96.02	176.22	324.73	289.85	4620785	Bullish	1
2024-03-22	NFLX	104.01	337.93	180.89	161.56	42734941	Neutral	1
2024-03-21	XOM	102.45	145.5	88.35	181.22	33013070	Bullish	1
2024-03-20	META	131.61	232.27	310.26	204.27	33403461	Neutral	0
2024-03-19	SHOP	212.67	300.99	361.73	111.72	41009444	Bearish	0
2024-03-18	PFE	127.35	337.99	68.42	363.88	30195794	Bearish	1
2024-03-17	MCD	91.03	120.48	357.09	250.34	4572564	Neutral	0
2024-03-16	JNJ	216.05	313.82	152.16	303.52	6110964	Bearish	1
2024-03-15	WMT	372.9	283.22	195.49	212.51	42026998	Bearish	0
2024-03-14	GS	185.66	127.52	277.56	351.4	17303911	Bearish	1
2024-03-13	NVDA	211.48	396.35	231.59	222.79	35679178	Bullish	1
2024-03-12	TSLA	233.91	298.4	347.42	249.48	41893393	Neutral	0
2024-03-11	JPM	365.02	241.18	380.48	147.06	30208184	Neutral	0
2024-03-10	JPM	176.22	223.9	100.67	365.38	45455961	Bearish	0
2024-03-09	XOM	297.1	301.9	69.76	368.63	11624550	Bearish	0
2024-03-08	INTC	349.84	286.08	356.21	126.68	4018125	Bearish	1
2024-03-07	AAPL	297.81	305.13	387.26	99.31	28093658	Neutral	0
2024-03-06	MRNA	327.79	140.21	257.42	332.15	46140132	Bullish	1
2024-03-05	JNJ	280.78	104.81	67.32	156.98	26415959	Bearish	1
2024-03-04	WMT	261.82	238.68	98.95	99.4	17911292	Bullish	0
2024-03-03	MSFT	110.48	264.5	380.81	253.99	5984475	Bullish	1
2024-03-02	XOM	107.89	171.18	296.4	152.77	7655211	Bullish	1
2024-03-01	TSLA	104.5	225.65	109.11	248.39	47881548	Neutral	1
2024-02-29	META	259.47	274.04	74.12	350.16	42527160	Neutral	1
2024-02-28	UBER	143.06	267.26	160.98	294.15	8619127	Bearish	1
2024-02-27	WFC	358.48	177.85	205.24	185.76	41655658	Bullish	0
2024-02-26	PEP	338.68	266.75	301.73	392.86	35152450	Neutral	0
2024-02-25	MRNA	264.26	280.86	89.17	122.39	26491736	Bullish	0
2024-02-24	XOM	301.34	261.75	208.68	234.33	9106390	Bullish	1
2024-02-23	DIS	321.24	269.42	157.86	220.18	13912353	Bullish	1
2024-02-22	WMT	361.43	137.83	299.1	309.19	35008939	Bullish	1
2024-02-21	PEP	358.58	364.95	132.56	262.43	21088796	Neutral	1
2024-02-20	WMT	225.12	370.03	383.45	299.94	29128502	Bullish	1
2024-02-19	MRNA	101.7	106.87	153.59	306.15	46703416	Bearish	0
2024-02-18	DIS	221.57	153.11	238.13	403.54	12470049	Bullish	0
2024-02-17	NFLX	129.61	115.07	166.49	295.57	39720273	Bearish	0
2024-02-16	JPM	115.32	300.45	296.66	232.98	9564851	Bullish	0
2024-02-15	MSFT	200.89	340.68	89.57	127.48	23072654	Bearish	0
2024-02-14	MCD	234.49	395.42	234.44	92.42	48183210	Neutral	1
2024-02-13	GOOGL	104.12	294.94	182.56	335.89	16080395	Bearish	1
2024-02-12	JPM	191.25	257.28	85.22	227.82	41477485	Bearish	0
2024-02-11	MCD	238.69	341.54	64.54	92.07	13756560	Neutral	0
2024-02-10	MCD	220.72	300.02	173.54	268.0	43248493	Bearish	0
2024-02-09	TSLA	384.79	380.78	60.95	204.88	7030560	Bullish	0
2024-02-08	PEP	265.21	358.62	286.78	218.77	16352777	Bearish	0
2024-02-07	BAC	103.78	252.25	389.48	371.27	39520677	Neutral	0
2024-02-06	PEP	214.42	214.94	193.16	110.95	18804569	Bearish	1
2024-02-05	DIS	260.73	297.46	102.99	245.35	14644539	Bullish	0
2024-02-04	MSFT	331.54	332.29	330.69	112.12	16993813	Bearish	1
2024-02-03	AAPL	305.6	282.54	250.35	97.68	8097920	Neutral	0
2024-02-02	INTC	259.22	412.05	322.54	125.17	6796706	Neutral	1
2024-02-01	MCD	175.52	329.29	365.06	187.8	41343632	Bearish	0
2024-01-31	JPM	181.82	362.99	231.27	156.01	37531592	Neutral	1
2024-01-30	CVX	192.86	415.31	263.21	106.68	27759479	Bearish	1
2024-01-29	META	279.32	239.92	262.94	322.67	45709393	Neutral	0
2024-01-28	JNJ	297.91	405.33	148.14	290.36	35388537	Bullish	1
2024-01-27	META	259.3	286.5	238.63	248.18	27198364	Neutral	0
2024-01-26	MCD	138.82	286.32	175.09	137.28	47388254	Bullish	1
2024-01-25	GS	297.02	361.71	365.53	190.49	28720286	Neutral	1
2024-01-24	MCD	160.55	319.26	374.15	281.18	43019010	Bearish	1
2024-01-23	XOM	355.51	101.01	80.23	146.92	22228629	Bearish	1
2024-01-22	WMT	220.93	119.93	292.76	108.6	33456901	Neutral	1
2024-01-21	WMT	379.93	102.79	180.71	303.55	46356270	Neutral	0
2024-01-20	BAC	379.53	165.17	188.49	157.3	48253357	Neutral	0
2024-01-19	BAC	156.84	360.47	103.37	173.3	31766357	Bullish	0
2024-01-18	GOOGL	196.3	377.27	282.46	131.2	11966870	Neutral	0
2024-01-17	PFE	133.16	104.32	130.19	332.62	36247863	Neutral	0
2024-01-16	WMT	167.57	197.75	342.36	233.79	20841815	Bearish	1
2024-01-15	JNJ	161.79	393.66	354.48	161.17	17394845	Neutral	1
2024-01-14	BAC	89.22	322.5	301.52	365.52	41739832	Neutral	0
2024-01-13	AAPL	326.36	296.06	120.29	350.98	2399646	Bullish	0
2024-01-12	JNJ	353.71	283.41	226.66	317.24	14467129	Neutral	1
2024-01-11	AAPL	170.31	242.83	364.36	375.06	33715472	Neutral	0
2024-01-10	TSLA	118.89	362.44	191.04	353.26	16350266	Bearish	0
2024-01-09	NVDA	380.4	412.8	183.48	300.52	27509044	Neutral	1
2024-01-08	GS	244.51	299.83	374.2	349.46	8451895	Bearish	1
2024-01-07	BABA	303.74	146.95	354.51	137.72	30215081	Bullish	1
2024-01-06	MSFT	211.89	325.0	342.11	240.56	14321385	Bearish	1
2024-01-05	INTC	150.43	264.68	102.41	196.8	35845237	Bearish	0
2024-01-04	XOM	364.55	350.54	228.85	277.11	32575999	Bearish	0
